<?xml version="1.0" encoding="UTF-8"?>
<!-- 
Apache-Style Software License for ColorBrewer Color Schemes
Version 1.1

Copyright (c) 2002 Cynthia Brewer, Mark Harrower, and The Pennsylvania State University. All rights reserved.
Redistribution and use in source and binary forms, with or without modification, are permitted provided that the following conditions are met:
1. Redistributions as source code must retain the above copyright notice, this list of conditions and the following disclaimer.
2. The end-user documentation included with the redistribution, if any, must include the following acknowledgment:
"This product includes color specifications and designs developed by Cynthia Brewer (http://colorbrewer.org/)."
Alternately, this acknowledgment may appear in the software itself, if and wherever such third-party acknowledgments normally appear.
4. The name "ColorBrewer" must not be used to endorse or promote products derived from this software without prior written permission. For written permission, please contact Cynthia Brewer at cbrewer@psu.edu.
5. Products derived from this software may not be called "ColorBrewer", nor may "ColorBrewer" appear in their name, without prior written permission of Cynthia Brewer.

THIS SOFTWARE IS PROVIDED "AS IS" AND ANY EXPRESSED OR IMPLIED WARRANTIES, INCLUDING, BUT NOT LIMITED TO, THE IMPLIED WARRANTIES OF MERCHANTABILITY AND FITNESS FOR A PARTICULAR PURPOSE ARE DISCLAIMED. IN NO EVENT SHALL CYNTHIA BREWER, MARK HARROWER, OR THE PENNSYLVANIA STATE UNIVERSITY BE LIABLE FOR ANY DIRECT, INDIRECT, INCIDENTAL, SPECIAL, EXEMPLARY, OR CONSEQUENTIAL DAMAGES (INCLUDING, BUT NOT LIMITED TO, PROCUREMENT OF SUBSTITUTE GOODS OR SERVICES; LOSS OF USE, DATA, OR PROFITS; OR BUSINESS INTERRUPTION) HOWEVER CAUSED AND ON ANY THEORY OF LIABILITY, WHETHER IN CONTRACT, STRICT LIABILITY, OR TORT (INCLUDING NEGLIGENCE OR OTHERWISE) ARISING IN ANY WAY OUT OF THE USE OF THIS SOFTWARE, EVEN IF ADVISED OF THE POSSIBILITY OF SUCH DAMAGE.

Legend:
G = good
D = doubtful
B = bad
suitability = Colorblind, PhotoCopy, LCD Projector, LCD, CRT, Color Printing
-->
<type>
<name>Sequential</name>
<description>Sequential schemes are suited to ordered data that progress from low to high. Lightness steps dominate the look of these schemes, with light colors for low data values to dark colors for high data values.</description>
<samples>
 <sample size="2">5,8</sample>
 <sample size="3">2,5,8</sample>
 <sample size="4">1,4,6,9</sample>
 <sample size="5">1,4,6,8,10</sample>
 <sample size="6">0,2,5,7,10,12</sample>
 <sample size="7">0,2,5,6,8,10,12</sample>
 <sample size="8">0,2,3,5,6,9,10,11</sample>
 <sample size="9">0,2,3,5,6,7,9,10,12</sample>
</samples>
<palettes>
 <palette>
  <name>YlGn</name>
  <description>light yellow to dark green</description>
  <colors>
255,255,229:
255,255,204:
247,252,185:
217,240,163:
194,230,153:
173,221,142:
120,198,121:
65,171,93:
49,163,84:
35,132,67:
0,104,55:
0,90,50:
0,69,41
  </colors>
  <suitability>
   <scheme size="2">G,G,D,G,G,G</scheme>
   <scheme size="3">G,G,D,G,G,G</scheme>
   <scheme size="4">G,G,D,D,D,G</scheme>
   <scheme size="5">G,D,D,D,D,D</scheme>
   <scheme size="6">G,B,B,B,B,D</scheme>
   <scheme size="7">G,B,B,B,B,B</scheme>
   <scheme size="8">G,B,B,B,B,B</scheme>
   <scheme size="9">G,B,B,B,B,B</scheme>
  </suitability>
 </palette>
 <palette>
  <name>YlGnBu</name>
  <description>light yellow to green to dark blue</description>
  <colors>
255,255,217:
255,255,204:
237,248,177:
199,233,180:
161,218,180:
127,205,187:
65,182,169:
29,145,192:
44,127,184:
34,96,168:
37,52,148:
12,44,132:
8,29,88
  </colors>
  <suitability>
    <scheme size="2">G,G,G,G,G,G</scheme>
    <scheme size="3">G,G,G,G,G,G</scheme>
    <scheme size="4">G,G,G,G,G,G</scheme>
    <scheme size="5">G,G,G,D,G,G</scheme>
    <scheme size="6">G,D,D,G,D,D</scheme>
    <scheme size="7">G,B,D,D,D,D</scheme>
    <scheme size="8">G,B,D,D,D,B</scheme>
    <scheme size="9">G,B,B,B,B,B</scheme>
  </suitability>
 </palette>
 <palette>
  <name>GnBu</name>
  <description>light green to dark blue</description>
  <colors>
247,252,240:
240,249,232:
224,243,219:
204,235,197:
186,228,188:
168,221,181:
123,204,196:
78,179,211:
67,162,202:
43,140,190:
8,104,172:
8,88,158:
8,64,129
  </colors>
  <suitability>
    <scheme size="2">G,G,D,G,G,G</scheme>
    <scheme size="3">G,G,D,G,G,G</scheme>
    <scheme size="4">G,G,D,G,G,G</scheme>
    <scheme size="5">G,D,D,G,D,D</scheme>
    <scheme size="6">G,B,B,D,B,D</scheme>
    <scheme size="7">G,B,B,D,B,B</scheme>
    <scheme size="8">G,B,B,D,B,B</scheme>
    <scheme size="9">G,B,B,B,B,B</scheme>
  </suitability>
 </palette>
 <palette>
  <name>BuGn</name>
  <description>light blue to dark green</description>
  <colors>
247,252,253:
237,248,251:
229,245,249:
204,236,230:
178,226,226:
153,216,201:
102,194,164:
65,174,118:
44,162,95:
35,139,69:
0,109,44:
0,88,36:
0,68,27
  </colors>
  <suitability>
   <scheme size="2">G,G,D,G,G,G</scheme>
   <scheme size="3">G,G,D,G,G,G</scheme>
   <scheme size="4">G,G,D,G,D,G</scheme>
   <scheme size="5">G,D,D,G,D,D</scheme>
   <scheme size="6">G,B,B,D,B,D</scheme>
   <scheme size="7">G,B,B,D,B,B</scheme>
   <scheme size="8">G,B,B,B,B,B</scheme>
   <scheme size="9">G,B,B,B,B,B</scheme>
  </suitability>
 </palette>
 <palette>
  <name>PuBuGn</name>
  <description>light purple to blue to dark green</description>
  <colors>
255,247,251:
246,239,247:
236,226,240:
208,209,230:
189,201,225:
166,189,219:
116,169,207:
54,144,192:
28,144,153:
2,129,138:
1,108,89:
1,100,80:
1,70,54
  </colors>
  <suitability>
   <scheme size="2">G,G,D,G,G,G</scheme>
   <scheme size="3">G,G,D,G,G,G</scheme>
   <scheme size="4">G,G,D,G,D,G</scheme>
   <scheme size="5">G,D,B,D,D,D</scheme>
   <scheme size="6">G,B,B,B,B,D</scheme>
   <scheme size="7">G,B,B,D,B,B</scheme>
   <scheme size="8">G,B,B,B,B,B</scheme>
   <scheme size="9">G,B,B,B,B,B</scheme>
  </suitability>
 </palette>
 <palette>
  <name>PuBu</name>
  <description>light purple to dark blue</description>
  <colors>
255,247,251:
241,238,246:
236,231,242:
208,209,230:
189,201,225:
166,189,219:
103,169,207:
54,144,192:
43,140,190:
5,112,176:
4,90,141:
3,78,123:
2,56,88
  </colors>
  <suitability>
   <scheme size="2">G,G,G,G,G,G</scheme>
   <scheme size="3">G,G,G,G,G,G</scheme>
   <scheme size="4">D,G,D,G,G,G</scheme>
   <scheme size="5">G,D,G,D,D,D</scheme>
   <scheme size="6">G,B,B,D,D,D</scheme>
   <scheme size="7">G,B,B,B,B,B</scheme>
   <scheme size="8">G,B,B,B,B,B</scheme>
   <scheme size="9">B,G,B,B,B,B</scheme>
  </suitability>
 </palette>
 <palette>
  <name>BuPu</name>
  <description>light blue to dark purple</description>
  <colors>
247,252,253:
237,248,251:
224,236,244:
191,211,230:
179,205,227:
158,188,218:
140,150,198:
140,107,177:
136,86,167:
136,65,157:
129,15,124:
110,1,107:
77,0,75
  </colors>
  <suitability>
   <scheme size="2">G,G,G,G,G,G</scheme>
   <scheme size="3">G,G,G,G,G,G</scheme>
   <scheme size="4">G,G,D,G,D,G</scheme>
   <scheme size="5">G,D,G,D,D,D</scheme>
   <scheme size="6">G,D,D,G,D,D</scheme>
   <scheme size="7">G,B,B,B,B,B</scheme>
   <scheme size="8">G,B,B,B,B,B</scheme>
   <scheme size="9">B,G,B,B,B,B</scheme>
  </suitability>
 </palette>
 <palette>
  <name>RdPu</name>
  <description>light red to dark purple</description>
  <colors>
255,247,243:
254,235,226:
253,224,221:
252,197,192:
251,180,185:
250,159,181:
247,104,161:
221,52,151:
197,27,138:
174,1,126:
122,1,119:
122,1,119:
73,0,106
  </colors>
  <suitability>
   <scheme size="2">G,G,G,G,G,G</scheme>
   <scheme size="3">G,G,G,G,G,G</scheme>
   <scheme size="4">G,G,D,G,G,G</scheme>
   <scheme size="5">G,D,D,D,G,D</scheme>
   <scheme size="6">G,B,D,D,D,D</scheme>
   <scheme size="7">G,B,B,D,D,D</scheme>
   <scheme size="8">G,B,B,B,B,B</scheme>
   <scheme size="9">G,B,B,B,B,B</scheme>
  </suitability>
 </palette>
 <palette>
  <name>PuRd</name>
  <description>light purple to dark red</description>
  <colors>
247,244,249:
241,238,246:
231,225,239:
212,185,218:
215,181,216:
201,148,199:
223,101,176:
231,41,138:
221,28,119:
206,18,86:
152,0,67:
145,0,63:
103,0,31
  </colors>
  <suitability>
   <scheme size="2">G,G,D,G,G,G</scheme>
   <scheme size="3">G,G,D,G,G,G</scheme>
   <scheme size="4">G,G,D,G,G,G</scheme>
   <scheme size="5">G,D,D,G,G,D</scheme>
   <scheme size="6">G,B,D,D,D,D</scheme>
   <scheme size="7">G,B,B,D,D,B</scheme>
   <scheme size="8">G,B,B,B,B,B</scheme>
   <scheme size="9">G,B,B,B,B,B</scheme>
  </suitability>
 </palette>
 <palette>
  <name>OrRd</name>
  <description>light orange to dark red</description>
  <colors>
255,247,236:
254,240,217:
254,232,200:
253,212,158:
253,204,138:
253,187,132:
252,141,89:
239,101,72:
227,74,51:
215,48,31:
179,0,0:
153,0,0:
127,0,0
  </colors>
  <suitability>
   <scheme size="2">G,G,D,G,G,G</scheme>
   <scheme size="3">G,G,D,G,G,G</scheme>
   <scheme size="4">G,G,D,G,G,G</scheme>
   <scheme size="5">G,G,D,G,G,G</scheme>
   <scheme size="6">G,B,D,D,D,D</scheme>
   <scheme size="7">G,B,B,D,D,D</scheme>
   <scheme size="8">G,B,B,B,B,B</scheme>
   <scheme size="9">G,B,B,B,B,B</scheme>
  </suitability>
 </palette>
 <palette>
  <name>YlOrRd</name>
  <description>light yellow to orange to dark red</description>
  <colors>
255,255,204:
255,255,178:
255,237,160:
254,217,118:
254,204,92:
254,178,76:
253,141,60:
252,78,42:
240,59,32:
227,26,28:
189,0,38:
177,0,38:
128,0,38
  </colors>
  <suitability>
   <scheme size="2">G,G,G,G,G,D</scheme>
   <scheme size="3">G,G,G,G,G,D</scheme>
   <scheme size="4">G,B,G,D,G,D</scheme>
   <scheme size="5">G,B,G,D,G,D</scheme>
   <scheme size="6">G,B,D,D,D,D</scheme>
   <scheme size="7">G,B,D,D,D,B</scheme>
   <scheme size="8">G,B,B,B,D,B</scheme>
   <scheme size="9">G,B,B,B,B,B</scheme>
  </suitability>
 </palette>
 <palette>
  <name>YlOrBr</name>
  <description>light yellow to orange to dark brown</description>
  <colors>
255,255,229:
255,255,212:
255,247,188:
254,227,145:
254,217,142:
254,196,79:
254,153,41:
236,112,20:
217,95,14:
204,76,2:
153,52,4:
140,45,4:
102,37,6
  </colors>
  <suitability>
   <scheme size="2">G,G,G,G,G,G</scheme>
   <scheme size="3">G,G,G,G,G,G</scheme>
   <scheme size="4">G,G,G,G,G,G</scheme>
   <scheme size="5">G,D,D,G,G,D</scheme>
   <scheme size="6">G,B,D,D,G,D</scheme>
   <scheme size="7">G,B,D,D,D,D</scheme>
   <scheme size="8">G,B,B,B,B,B</scheme>
   <scheme size="9">G,B,B,B,B,B</scheme>
  </suitability>
 </palette>
 <palette>
  <name>Purples</name>
  <description>light to dark purple</description>
  <colors>
252,251,253:
242,240,247:
239,237,245:
218,218,235:
203,201,226:
188,189,220:
158,154,200:
128,125,186:
117,107,177:
106,81,163:
84,39,143:
74,20,134:
63,0,125
  </colors>
  <suitability>
   <scheme size="2">G,G,D,G,G,G</scheme>
   <scheme size="3">G,G,D,G,G,G</scheme>
   <scheme size="4">G,D,D,G,D,D</scheme>
   <scheme size="5">G,D,B,D,D,D</scheme>
   <scheme size="6">G,B,B,B,B,D</scheme>
   <scheme size="7">G,B,B,B,B,B</scheme>
   <scheme size="8">G,B,B,B,B,B</scheme>
   <scheme size="9">G,B,B,B,B,B</scheme>
  </suitability>
 </palette>
 <palette>
  <name>Blues</name>
  <description>light to dark blue</description>
  <colors>
247,251,255:
239,243,255:
222,235,247:
198,219,239:
189,215,231:
158,202,225:
107,174,214:
66,146,198:
49,130,189:
33,113,181:
8,81,156:
8,69,148:
8,48,107
  </colors>
  <suitability>
   <scheme size="2">G,G,D,G,G,G</scheme>
   <scheme size="3">G,G,D,G,G,G</scheme>
   <scheme size="4">G,G,D,G,D,G</scheme>
   <scheme size="5">G,D,D,G,D,D</scheme>
   <scheme size="6">G,B,B,B,B,D</scheme>
   <scheme size="7">G,B,B,B,B,B</scheme>
   <scheme size="8">G,B,B,B,B,B</scheme>
   <scheme size="9">G,B,B,B,B,B</scheme>
  </suitability>
 </palette>
 <palette>
  <name>Greens</name>
  <description>light to dark green</description>
  <colors>
247,252,245:
237,248,233:
229,245,224:
199,233,192:
186,228,179:
161,217,155:
116,196,118:
65,171,93:
49,163,84:
35,139,69:
0,109,44:
0,90,50:
0,68,27
  </colors>
  <suitability>
   <scheme size="2">G,G,D,G,G,G</scheme>
   <scheme size="3">G,G,D,G,G,G</scheme>
   <scheme size="4">G,G,D,G,D,G</scheme>
   <scheme size="5">G,D,D,G,D,D</scheme>
   <scheme size="6">G,B,B,B,B,D</scheme>
   <scheme size="7">G,B,B,B,B,B</scheme>
   <scheme size="8">G,B,B,B,B,B</scheme>
   <scheme size="9">G,B,B,B,B,B</scheme>
  </suitability>
 </palette>
 <palette>
  <name>Oranges</name>
  <description>light to dark orange</description>
  <colors>
255,245,235:
254,237,222:
254,230,206:
253,208,162:
253,190,133:
253,174,107:
253,141,60:
241,105,19:
230,85,13:
217,72,1:
166,54,3:
140,45,4:
127,39,4
  </colors>
  <suitability>
   <scheme size="2">G,G,G,G,G,G</scheme>
   <scheme size="3">G,G,G,G,G,G</scheme>
   <scheme size="4">G,D,D,G,G,D</scheme>
   <scheme size="5">G,D,D,G,G,D</scheme>
   <scheme size="6">G,B,B,D,D,D</scheme>
   <scheme size="7">G,B,B,B,D,D</scheme>
   <scheme size="8">G,B,B,D,D,D</scheme>
   <scheme size="9">G,B,B,B,B,B</scheme>
  </suitability>
 </palette>
 <palette>
  <name>Reds</name>
  <description>light to dark red</description>
  <colors>
255,245,240:
254,229,217:
254,224,210:
252,187,161:
252,174,145:
252,146,114:
251,106,74:
239,59,44:
222,45,38:
203,24,29:
165,15,21:
153,0,13:
103,0,13
  </colors>
  <suitability>
   <scheme size="2">G,G,G,G,G,G</scheme>
   <scheme size="3">G,G,G,G,G,G</scheme>
   <scheme size="4">G,G,G,G,G,G</scheme>
   <scheme size="5">G,D,D,G,D,D</scheme>
   <scheme size="6">G,D,B,D,B,B</scheme>
   <scheme size="7">G,B,B,B,B,B</scheme>
   <scheme size="8">G,B,B,B,B,B</scheme>
   <scheme size="9">G,B,B,B,B,B</scheme>
  </suitability>
 </palette>
 <palette>
  <name>Grays</name>
  <description>light to dark gray</description>
  <colors>
255,255,255:
247,247,247:
240,240,240:
217,217,217:
204,204,204:
189,189,189:
150,150,150:
115,115,115:
99,99,99:
82,82,82:
37,37,37:
37,37,37:
0,0,0
  </colors>
  <suitability>
   <scheme size="2">G,G,G,B,G,G</scheme>
   <scheme size="3">G,G,G,B,G,G</scheme>
   <scheme size="4">G,G,D,G,D,G</scheme>
   <scheme size="5">G,D,B,D,D,D</scheme>
   <scheme size="6">G,B,B,B,B,D</scheme>
   <scheme size="7">G,B,B,B,B,B</scheme>
   <scheme size="8">G,B,B,B,B,B</scheme>
   <scheme size="9">G,B,B,B,B,B</scheme>
  </suitability>
 </palette>
</palettes>
</type>